web-scraper-order,web-scraper-start-url,Rank,City / Town,Russian,Federal subject,Federal district,2021 estimate,2010 Census
1653023906-32563,https://en.wikipedia.org/wiki/List_of_cities_and_towns_in_Russia_by_population,1,Moscow,Москва,Moscow (federal city)[3],Central,"12,655,050","11,503,501"
1653023906-32564,https://en.wikipedia.org/wiki/List_of_cities_and_towns_in_Russia_by_population,2,Saint Petersburg,Санкт-Петербург,Saint Petersburg (federal city)[4],Northwest,"5,384,342","4,879,566"
1653023906-32565,https://en.wikipedia.org/wiki/List_of_cities_and_towns_in_Russia_by_population,3,Novosibirsk,Новосибирск,Novosibirsk Oblast,Siberia,"1,620,162","1,473,754"
1653023906-32566,https://en.wikipedia.org/wiki/List_of_cities_and_towns_in_Russia_by_population,4,Yekaterinburg,Екатеринбург,Sverdlovsk Oblast,Ural,"1,495,066","1,349,772"
1653023906-32567,https://en.wikipedia.org/wiki/List_of_cities_and_towns_in_Russia_by_population,5,Kazan,Казань,Republic of Tatarstan,Volga,"1,257,341","1,143,535"
1653023906-32568,https://en.wikipedia.org/wiki/List_of_cities_and_towns_in_Russia_by_population,6,Nizhny Novgorod,Нижний Новгород,Nizhny Novgorod Oblast,Volga,"1,244,254","1,250,619"
1653023906-32569,https://en.wikipedia.org/wiki/List_of_cities_and_towns_in_Russia_by_population,7,Chelyabinsk,Челябинск,Chelyabinsk Oblast,Ural,"1,187,960","1,130,132"
1653023906-32570,https://en.wikipedia.org/wiki/List_of_cities_and_towns_in_Russia_by_population,8,Samara,Самара,Samara Oblast,Volga,"1,144,759","1,164,685"
1653023906-32571,https://en.wikipedia.org/wiki/List_of_cities_and_towns_in_Russia_by_population,9,Omsk,Омск,Omsk Oblast,Siberia,"1,139,897","1,154,119"
1653023906-32572,https://en.wikipedia.org/wiki/List_of_cities_and_towns_in_Russia_by_population,10,Rostov-on-Don,Ростов-на-Дону,Rostov Oblast,South[5],"1,137,704","1,089,261"
1653023906-32573,https://en.wikipedia.org/wiki/List_of_cities_and_towns_in_Russia_by_population,11,Ufa,Уфа,Republic of Bashkortostan,Volga,"1,125,933","1,062,319"
1653023906-32574,https://en.wikipedia.org/wiki/List_of_cities_and_towns_in_Russia_by_population,12,Krasnoyarsk,Красноярск,Krasnoyarsk Krai,Siberia,"1,092,851","973,826"
1653023906-32575,https://en.wikipedia.org/wiki/List_of_cities_and_towns_in_Russia_by_population,13,Voronezh,Воронеж,Voronezh Oblast,Central,"1,050,602","889,680"
1653023906-32576,https://en.wikipedia.org/wiki/List_of_cities_and_towns_in_Russia_by_population,14,Perm,Пермь,Perm Krai,Volga,"1,049,199","991,162"
1653023906-32577,https://en.wikipedia.org/wiki/List_of_cities_and_towns_in_Russia_by_population,15,Volgograd,Волгоград,Volgograd Oblast,South,"1,004,763","1,021,215"
1653023906-32578,https://en.wikipedia.org/wiki/List_of_cities_and_towns_in_Russia_by_population,16,Krasnodar,Краснодар,Krasnodar Krai,South,"948,827","744,995"
1653023906-32579,https://en.wikipedia.org/wiki/List_of_cities_and_towns_in_Russia_by_population,17,Saratov,Саратов,Saratov Oblast,Volga,"830,155","837,900"
1653023906-32580,https://en.wikipedia.org/wiki/List_of_cities_and_towns_in_Russia_by_population,18,Tyumen,Тюмень,Tyumen Oblast,Ural,"816,700","581,907"
1653023906-32581,https://en.wikipedia.org/wiki/List_of_cities_and_towns_in_Russia_by_population,19,Tolyatti,Тольятти,Samara Oblast,Volga,"693,072","719,632"
1653023906-32582,https://en.wikipedia.org/wiki/List_of_cities_and_towns_in_Russia_by_population,20,Izhevsk,Ижевск,Udmurt Republic,Volga,"646,468","627,734"
1653023906-32583,https://en.wikipedia.org/wiki/List_of_cities_and_towns_in_Russia_by_population,21,Barnaul,Барнаул,Altai Krai,Siberia,"631,124","612,401"
1653023906-32584,https://en.wikipedia.org/wiki/List_of_cities_and_towns_in_Russia_by_population,22,Ulyanovsk,Ульяновск,Ulyanovsk Oblast,Volga,"625,462","614,786"
1653023906-32585,https://en.wikipedia.org/wiki/List_of_cities_and_towns_in_Russia_by_population,23,Irkutsk,Иркутск,Irkutsk Oblast,Siberia,"617,515","587,891"
1653023906-32586,https://en.wikipedia.org/wiki/List_of_cities_and_towns_in_Russia_by_population,24,Khabarovsk,Хабаровск,Khabarovsk Krai,Far East,"610,305","577,441"
1653023906-32587,https://en.wikipedia.org/wiki/List_of_cities_and_towns_in_Russia_by_population,25,Makhachkala,Махачкала,Republic of Dagestan,North Caucasus,"604,266","572,076"
1653023906-32588,https://en.wikipedia.org/wiki/List_of_cities_and_towns_in_Russia_by_population,26,Yaroslavl,Ярославль,Yaroslavl Oblast,Central,"601,403","591,486"
1653023906-32589,https://en.wikipedia.org/wiki/List_of_cities_and_towns_in_Russia_by_population,27,Vladivostok,Владивосток,Primorsky Krai,Far East,"600,871","592,034"
1653023906-32590,https://en.wikipedia.org/wiki/List_of_cities_and_towns_in_Russia_by_population,28,Orenburg,Оренбург,Orenburg Oblast,Volga,"572,819","548,331"
1653023906-32591,https://en.wikipedia.org/wiki/List_of_cities_and_towns_in_Russia_by_population,29,Tomsk,Томск,Tomsk Oblast,Siberia,"568,508","524,669"
1653023906-32592,https://en.wikipedia.org/wiki/List_of_cities_and_towns_in_Russia_by_population,30,Kemerovo,Кемерово,Kemerovo Oblast,Siberia,"552,546","532,981"
1653023906-32593,https://en.wikipedia.org/wiki/List_of_cities_and_towns_in_Russia_by_population,31,Novokuznetsk,Новокузнецк,Kemerovo Oblast,Siberia,"544,583","547,904"
1653023906-32594,https://en.wikipedia.org/wiki/List_of_cities_and_towns_in_Russia_by_population,32,Ryazan,Рязань,Ryazan Oblast,Central,"534,801","524,927"
1653023906-32595,https://en.wikipedia.org/wiki/List_of_cities_and_towns_in_Russia_by_population,33,Naberezhnye Chelny,Набережные Челны,Republic of Tatarstan,Volga,"532,074","513,193"
1653023906-32596,https://en.wikipedia.org/wiki/List_of_cities_and_towns_in_Russia_by_population,34,Astrakhan,Астрахань,Astrakhan Oblast,South,"524,371","520,339"
1653023906-32597,https://en.wikipedia.org/wiki/List_of_cities_and_towns_in_Russia_by_population,35,Kirov,Киров,Kirov Oblast,Volga,"521,091","473,695"
1653023906-32598,https://en.wikipedia.org/wiki/List_of_cities_and_towns_in_Russia_by_population,36,Penza,Пенза,Penza Oblast,Volga,"516,450","517,311"
1653023906-32599,https://en.wikipedia.org/wiki/List_of_cities_and_towns_in_Russia_by_population,37,Balashikha,Балашиха,Moscow Oblast,Central,"507,307","215,494"
1653023906-32600,https://en.wikipedia.org/wiki/List_of_cities_and_towns_in_Russia_by_population,38,Lipetsk,Липецк,Lipetsk Oblast,Central,"503,216","508,887"
1653023906-32601,https://en.wikipedia.org/wiki/List_of_cities_and_towns_in_Russia_by_population,39,Cheboksary,Чебоксары,Chuvash Republic,Volga,"495,810","453,721"
1653023906-32602,https://en.wikipedia.org/wiki/List_of_cities_and_towns_in_Russia_by_population,40,Kaliningrad,Калининград,Kaliningrad Oblast,Northwest,"493,256","431,902"
1653023906-32603,https://en.wikipedia.org/wiki/List_of_cities_and_towns_in_Russia_by_population,41,Tula,Тула,Tula Oblast,Central,"467,955","501,169"
1653023906-32605,https://en.wikipedia.org/wiki/List_of_cities_and_towns_in_Russia_by_population,42,Stavropol,Ставрополь,Stavropol Krai,North Caucasus,"454,488","398,539"
1653023906-32606,https://en.wikipedia.org/wiki/List_of_cities_and_towns_in_Russia_by_population,43,Kursk,Курск,Kursk Oblast,Central,"450,977","415,159"
1653023906-32607,https://en.wikipedia.org/wiki/List_of_cities_and_towns_in_Russia_by_population,44,Ulan-Ude,Улан-Удэ,Republic of Buryatia,Far East,"437,514","404,426"
1653023906-32608,https://en.wikipedia.org/wiki/List_of_cities_and_towns_in_Russia_by_population,45,Sochi,Сочи,Krasnodar Krai,South,"432,322","343,334"
1653023906-32609,https://en.wikipedia.org/wiki/List_of_cities_and_towns_in_Russia_by_population,46,Tver,Тверь,Tver Oblast,Central,"424,969","403,606"
1653023906-32610,https://en.wikipedia.org/wiki/List_of_cities_and_towns_in_Russia_by_population,47,Magnitogorsk,Магнитогорск,Chelyabinsk Oblast,Ural,"413,251","407,775"
1653023906-32611,https://en.wikipedia.org/wiki/List_of_cities_and_towns_in_Russia_by_population,48,Ivanovo,Иваново,Ivanovo Oblast,Central,"401,505","408,330"
1653023906-32612,https://en.wikipedia.org/wiki/List_of_cities_and_towns_in_Russia_by_population,49,Bryansk,Брянск,Bryansk Oblast,Central,"399,579","415,721"
1653023906-32613,https://en.wikipedia.org/wiki/List_of_cities_and_towns_in_Russia_by_population,50,Belgorod,Белгород,Belgorod Oblast,Central,"391,702","356,402"
1653023906-32614,https://en.wikipedia.org/wiki/List_of_cities_and_towns_in_Russia_by_population,51,Surgut,Сургут,Khanty-Mansi Autonomous Okrug-Yugra,Ural,"387,235","306,675"
1653023906-32615,https://en.wikipedia.org/wiki/List_of_cities_and_towns_in_Russia_by_population,52,Vladimir,Владимир,Vladimir Oblast,Central,"352,347","345,373"
1653023906-32616,https://en.wikipedia.org/wiki/List_of_cities_and_towns_in_Russia_by_population,53,Chita,Чита,Zabaykalsky Krai,Far East,"350,861","324,444"
1653023906-32617,https://en.wikipedia.org/wiki/List_of_cities_and_towns_in_Russia_by_population,54,Arkhangelsk,Архангельск,Arkhangelsk Oblast,Northwest,"344,927","348,783"
1653023906-32618,https://en.wikipedia.org/wiki/List_of_cities_and_towns_in_Russia_by_population,55,Nizhny Tagil,Нижний Тагил,Sverdlovsk Oblast,Ural,"344,656","361,811"
1653023906-32620,https://en.wikipedia.org/wiki/List_of_cities_and_towns_in_Russia_by_population,56,Kaluga,Калуга,Kaluga Oblast,Central,"331,842","324,698"
1653023906-32621,https://en.wikipedia.org/wiki/List_of_cities_and_towns_in_Russia_by_population,57,Yakutsk,Якутск,Sakha (Yakutia) Republic,Far East,"330,615","269,601"
1653023906-32622,https://en.wikipedia.org/wiki/List_of_cities_and_towns_in_Russia_by_population,58,Grozny,Грозный,Chechen Republic,North Caucasus,"324,602","271,573"
1653023906-32623,https://en.wikipedia.org/wiki/List_of_cities_and_towns_in_Russia_by_population,59,Volzhsky,Волжский,Volgograd Oblast,South,"323,853","314,255"
1653023906-32624,https://en.wikipedia.org/wiki/List_of_cities_and_towns_in_Russia_by_population,60,Smolensk,Смоленск,Smolensk Oblast,Central,"320,170","326,861"
1653023906-32625,https://en.wikipedia.org/wiki/List_of_cities_and_towns_in_Russia_by_population,61,Saransk,Саранск,Republic of Mordovia,Volga,"317,432","297,415"
1653023906-32626,https://en.wikipedia.org/wiki/List_of_cities_and_towns_in_Russia_by_population,62,Cherepovets,Череповец,Vologda Oblast,Northwest,"312,091","312,310"
1653023906-32627,https://en.wikipedia.org/wiki/List_of_cities_and_towns_in_Russia_by_population,63,Kurgan,Курган,Kurgan Oblast,Ural,"309,285","333,606"
1653023906-32628,https://en.wikipedia.org/wiki/List_of_cities_and_towns_in_Russia_by_population,64,Podolsk,Подольск,Moscow Oblast,Central,"309,250","187,961"
1653023906-32629,https://en.wikipedia.org/wiki/List_of_cities_and_towns_in_Russia_by_population,65,Vologda,Вологда,Vologda Oblast,Northwest,"308,530","301,755"
1653023906-32630,https://en.wikipedia.org/wiki/List_of_cities_and_towns_in_Russia_by_population,66,Oryol,Орёл,Oryol Oblast,Central,"303,696","317,747"
1653023906-32631,https://en.wikipedia.org/wiki/List_of_cities_and_towns_in_Russia_by_population,67,Vladikavkaz,Владикавказ,Republic of North Ossetia-Alania,North Caucasus,"301,543","311,693"
1653023906-32632,https://en.wikipedia.org/wiki/List_of_cities_and_towns_in_Russia_by_population,68,Tambov,Тамбов,Tambov Oblast,Central,"289,701","280,161"
1653023906-32633,https://en.wikipedia.org/wiki/List_of_cities_and_towns_in_Russia_by_population,69,Murmansk,Мурманск,Murmansk Oblast,Northwest,"282,851","307,257"
1653023906-32634,https://en.wikipedia.org/wiki/List_of_cities_and_towns_in_Russia_by_population,70,Petrozavodsk,Петрозаводск,Republic of Karelia,Northwest,"280,711","261,987"
1653023906-32635,https://en.wikipedia.org/wiki/List_of_cities_and_towns_in_Russia_by_population,71,Nizhnevartovsk,Нижневартовск,Khanty-Mansi Autonomous Okrug-Yugra,Ural,"278,725","251,694"
1653023906-32636,https://en.wikipedia.org/wiki/List_of_cities_and_towns_in_Russia_by_population,72,Kostroma,Кострома,Kostroma Oblast,Central,"277,393","268,742"
1653023906-32637,https://en.wikipedia.org/wiki/List_of_cities_and_towns_in_Russia_by_population,73,Yoshkar-Ola,Йошкар-Ола,Mari El Republic,Volga,"276,155","248,782"
1653023906-32638,https://en.wikipedia.org/wiki/List_of_cities_and_towns_in_Russia_by_population,74,Novorossiysk,Новороссийск,Krasnodar Krai,South,"275,795","241,952"
1653023906-32639,https://en.wikipedia.org/wiki/List_of_cities_and_towns_in_Russia_by_population,75,Sterlitamak,Стерлитамак,Republic of Bashkortostan,Volga,"274,134","273,486"
1653023906-32640,https://en.wikipedia.org/wiki/List_of_cities_and_towns_in_Russia_by_population,76,Khimki,Химки,Moscow Oblast,Central,"257,757","207,425"
1653023906-32641,https://en.wikipedia.org/wiki/List_of_cities_and_towns_in_Russia_by_population,77,Taganrog,Таганрог,Rostov Oblast,South,"248,269","257,681"
1653023906-32642,https://en.wikipedia.org/wiki/List_of_cities_and_towns_in_Russia_by_population,78,Mytishchi,Мытищи,Moscow Oblast,Central,"245,643","173,160"
1653023906-32643,https://en.wikipedia.org/wiki/List_of_cities_and_towns_in_Russia_by_population,79,Syktyvkar,Сыктывкар,Komi Republic,Northwest,"243,926","235,006"
1653023906-32644,https://en.wikipedia.org/wiki/List_of_cities_and_towns_in_Russia_by_population,80,Komsomolsk-on-Amur,Комсомольск-на-Амуре,Khabarovsk Krai,Far East,"241,072","263,906"
1653023906-32645,https://en.wikipedia.org/wiki/List_of_cities_and_towns_in_Russia_by_population,81,Nizhnekamsk,Нижнекамск,Republic of Tatarstan,Volga,"240,097","234,044"
1653023906-32646,https://en.wikipedia.org/wiki/List_of_cities_and_towns_in_Russia_by_population,82,Nalchik,Нальчик,Kabardino-Balkar Republic,North Caucasus,"239,054","240,203"
1653023906-32647,https://en.wikipedia.org/wiki/List_of_cities_and_towns_in_Russia_by_population,83,Shakhty,Шахты,Rostov Oblast,South,"228,816","239,987"
1653023906-32648,https://en.wikipedia.org/wiki/List_of_cities_and_towns_in_Russia_by_population,84,Dzerzhinsk,Дзержинск,Nizhny Novgorod Oblast,Volga,"227,326","240,742"
1653023906-32649,https://en.wikipedia.org/wiki/List_of_cities_and_towns_in_Russia_by_population,85,Engels,Энгельс,Saratov Oblast,Volga,"226,143","202,419"
1653023906-32650,https://en.wikipedia.org/wiki/List_of_cities_and_towns_in_Russia_by_population,86,Blagoveshchensk,Благовещенск,Amur Oblast,Far East,"225,757","214,390"
1653023906-32651,https://en.wikipedia.org/wiki/List_of_cities_and_towns_in_Russia_by_population,87,Korolyov,Королёв,Moscow Oblast,Central,"225,299","183,402"
1653023906-32652,https://en.wikipedia.org/wiki/List_of_cities_and_towns_in_Russia_by_population,88,Bratsk,Братск,Irkutsk Oblast,Siberia,"225,037","246,319"
1653023906-32653,https://en.wikipedia.org/wiki/List_of_cities_and_towns_in_Russia_by_population,89,Veliky Novgorod,Великий Новгород,Novgorod Oblast,Northwest,"225,019","218,717"
1653023906-32654,https://en.wikipedia.org/wiki/List_of_cities_and_towns_in_Russia_by_population,90,Orsk,Орск,Orenburg Oblast,Volga,"224,814","239,800"
1653023906-32655,https://en.wikipedia.org/wiki/List_of_cities_and_towns_in_Russia_by_population,91,Stary Oskol,Старый Оскол,Belgorod Oblast,Central,"223,711","221,085"
1653023906-32656,https://en.wikipedia.org/wiki/List_of_cities_and_towns_in_Russia_by_population,92,Angarsk,Ангарск,Irkutsk Oblast,Siberia,"222,855","233,567"
1653023906-32657,https://en.wikipedia.org/wiki/List_of_cities_and_towns_in_Russia_by_population,93,Pskov,Псков,Pskov Oblast,Northwest,"209,426","203,279"
1653023906-32658,https://en.wikipedia.org/wiki/List_of_cities_and_towns_in_Russia_by_population,94,Lyubertsy,Люберцы,Moscow Oblast,Central,"208,397","172,525"
1653023906-32659,https://en.wikipedia.org/wiki/List_of_cities_and_towns_in_Russia_by_population,95,Yuzhno-Sakhalinsk,Южно-Сахалинск,Sakhalin Oblast,Far East,"200,235","181,728"
1653023906-32660,https://en.wikipedia.org/wiki/List_of_cities_and_towns_in_Russia_by_population,96,Biysk,Бийск,Altai Krai,Siberia,"198,433","210,115"
1653023906-32661,https://en.wikipedia.org/wiki/List_of_cities_and_towns_in_Russia_by_population,97,Prokopyevsk,Прокопьевск,Kemerovo Oblast,Siberia,"187,877","210,130"
1653023906-32662,https://en.wikipedia.org/wiki/List_of_cities_and_towns_in_Russia_by_population,98,Abakan,Абакан,Republic of Khakassia,Siberia,"187,239","165,214"
1653023906-32663,https://en.wikipedia.org/wiki/List_of_cities_and_towns_in_Russia_by_population,99,Armavir,Армавир,Krasnodar Krai,South,"187,215","188,832"
1653023906-32664,https://en.wikipedia.org/wiki/List_of_cities_and_towns_in_Russia_by_population,100,Balakovo,Балаково,Saratov Oblast,Volga,"186,012","199,690"
1653023906-32665,https://en.wikipedia.org/wiki/List_of_cities_and_towns_in_Russia_by_population,101,Norilsk,Норильск,Krasnoyarsk Krai,Siberia,"182,701","175,365"
1653023906-32666,https://en.wikipedia.org/wiki/List_of_cities_and_towns_in_Russia_by_population,102,Rybinsk,Рыбинск,Yaroslavl Oblast,Central,"182,383","200,771"
1653023906-32667,https://en.wikipedia.org/wiki/List_of_cities_and_towns_in_Russia_by_population,103,Severodvinsk,Северодвинск,Arkhangelsk Oblast,Northwest,"180,806","192,353"
1653023906-32668,https://en.wikipedia.org/wiki/List_of_cities_and_towns_in_Russia_by_population,104,Petropavlovsk-Kamchatsky,Петропавловск-Камчатский,Kamchatka Krai,Far East,"179,367","179,780"
1653023906-32669,https://en.wikipedia.org/wiki/List_of_cities_and_towns_in_Russia_by_population,105,Krasnogorsk,Красногорск,Moscow Oblast,Central,"175,812","116,896"
1653023906-32670,https://en.wikipedia.org/wiki/List_of_cities_and_towns_in_Russia_by_population,106,Ussuriysk,Уссурийск,Primorsky Krai,Far East,"172,942","158,004"
1653023906-32671,https://en.wikipedia.org/wiki/List_of_cities_and_towns_in_Russia_by_population,107,Volgodonsk,Волгодонск,Rostov Oblast,South,"169,953","170,841"
1653023906-32672,https://en.wikipedia.org/wiki/List_of_cities_and_towns_in_Russia_by_population,108,Novocherkassk,Новочеркасск,Rostov Oblast,South,"166,312","168,746"
1653023906-32673,https://en.wikipedia.org/wiki/List_of_cities_and_towns_in_Russia_by_population,109,Syzran,Сызрань,Samara Oblast,Volga,"165,199","178,750"
1653023906-32674,https://en.wikipedia.org/wiki/List_of_cities_and_towns_in_Russia_by_population,110,Kamensk-Uralsky,Каменск-Уральский,Sverdlovsk Oblast,Ural,"163,990","174,689"
1653023906-32675,https://en.wikipedia.org/wiki/List_of_cities_and_towns_in_Russia_by_population,111,Zlatoust,Златоуст,Chelyabinsk Oblast,Ural,"162,148","174,962"
1653023906-32676,https://en.wikipedia.org/wiki/List_of_cities_and_towns_in_Russia_by_population,112,Almetyevsk,Альметьевск,Republic of Tatarstan,Volga,"158,019","146,393"
1653023906-32677,https://en.wikipedia.org/wiki/List_of_cities_and_towns_in_Russia_by_population,113,Elektrostal,Электросталь,Moscow Oblast,Central,"152,607","155,196"
1653023906-32679,https://en.wikipedia.org/wiki/List_of_cities_and_towns_in_Russia_by_population,114,Miass,Миасс,Chelyabinsk Oblast,Ural,"150,914","151,751"
1653023906-32680,https://en.wikipedia.org/wiki/List_of_cities_and_towns_in_Russia_by_population,115,Salavat,Салават,Republic of Bashkortostan,Volga,"148,947","156,095"
1653023906-32681,https://en.wikipedia.org/wiki/List_of_cities_and_towns_in_Russia_by_population,116,Khasavyurt,Хасавюрт,Republic of Dagestan,North Caucasus,"146,394","131,187"
1653023906-32682,https://en.wikipedia.org/wiki/List_of_cities_and_towns_in_Russia_by_population,117,Pyatigorsk,Пятигорск,Stavropol Krai,North Caucasus,"146,267","142,511"
1653023906-32683,https://en.wikipedia.org/wiki/List_of_cities_and_towns_in_Russia_by_population,118,Kopeysk,Копейск,Chelyabinsk Oblast,Ural,"145,961","137,601"
1653023906-32684,https://en.wikipedia.org/wiki/List_of_cities_and_towns_in_Russia_by_population,119,Nakhodka,Находка,Primorsky Krai,Far East,"142,673","159,719"
1653023906-32685,https://en.wikipedia.org/wiki/List_of_cities_and_towns_in_Russia_by_population,120,Rubtsovsk,Рубцовск,Altai Krai,Siberia,"139,565","147,002"
1653023906-32686,https://en.wikipedia.org/wiki/List_of_cities_and_towns_in_Russia_by_population,121,Maykop,Майкоп,Republic of Adygea,South,"139,084","144,249"
1653023906-32687,https://en.wikipedia.org/wiki/List_of_cities_and_towns_in_Russia_by_population,122,Kolomna,Коломна,Moscow Oblast,Central,"138,693","144,589"
1653023906-32688,https://en.wikipedia.org/wiki/List_of_cities_and_towns_in_Russia_by_population,123,Berezniki,Березники,Perm Krai,Volga,"137,091","156,466"
1653023906-32689,https://en.wikipedia.org/wiki/List_of_cities_and_towns_in_Russia_by_population,124,Odintsovo,Одинцово,Moscow Oblast,Central,"135,867","138,930"
1653023906-32690,https://en.wikipedia.org/wiki/List_of_cities_and_towns_in_Russia_by_population,125,Domodedovo,Домодедово,Moscow Oblast,Central,"135,070","96,145"
1653023906-32691,https://en.wikipedia.org/wiki/List_of_cities_and_towns_in_Russia_by_population,126,Kovrov,Ковров,Vladimir Oblast,Central,"134,074","145,214"
1653023906-32692,https://en.wikipedia.org/wiki/List_of_cities_and_towns_in_Russia_by_population,127,Neftekamsk,Нефтекамск,Republic of Bashkortostan,Volga,"131,945","121,733"
1653023906-32693,https://en.wikipedia.org/wiki/List_of_cities_and_towns_in_Russia_by_population,128,Kaspiysk,Каспийск,Republic of Dagestan,North Caucasus,"128,663","100,129"
1653023906-32694,https://en.wikipedia.org/wiki/List_of_cities_and_towns_in_Russia_by_population,129,Nefteyugansk,Нефтеюганск,Khanty-Mansi Autonomous Okrug-Yugra,Ural,"128,159","122,855"
1653023906-32695,https://en.wikipedia.org/wiki/List_of_cities_and_towns_in_Russia_by_population,130,Kislovodsk,Кисловодск,Stavropol Krai,North Caucasus,"127,919","128,553"
1653023906-32696,https://en.wikipedia.org/wiki/List_of_cities_and_towns_in_Russia_by_population,131,Novocheboksarsk,Новочебоксарск,Chuvash Republic,Volga,"127,586","124,097"
1653023906-32697,https://en.wikipedia.org/wiki/List_of_cities_and_towns_in_Russia_by_population,132,Bataysk,Батайск,Rostov Oblast,South,"127,444","111,843"
1653023906-32698,https://en.wikipedia.org/wiki/List_of_cities_and_towns_in_Russia_by_population,133,Shchyolkovo,Щёлково,Moscow Oblast,Central,"127,292","110,411"
1653023906-32699,https://en.wikipedia.org/wiki/List_of_cities_and_towns_in_Russia_by_population,134,Derbent,Дербент,Republic of Dagestan,North Caucasus,"126,606","119,200"
1653023906-32700,https://en.wikipedia.org/wiki/List_of_cities_and_towns_in_Russia_by_population,135,Serpukhov,Серпухов,Moscow Oblast,Central,"125,473","127,041"
1653023906-32701,https://en.wikipedia.org/wiki/List_of_cities_and_towns_in_Russia_by_population,136,Nazran,Назрань,Republic of Ingushetia,North Caucasus,"124,169","93,335"
1653023906-32702,https://en.wikipedia.org/wiki/List_of_cities_and_towns_in_Russia_by_population,137,Ramenskoye,Раменское,Moscow Oblast,Central,"123,590","96,317"
1653023906-32703,https://en.wikipedia.org/wiki/List_of_cities_and_towns_in_Russia_by_population,138,Cherkessk,Черкесск,Karachay-Cherkess Republic,North Caucasus,"123,148","129,069"
1653023906-32704,https://en.wikipedia.org/wiki/List_of_cities_and_towns_in_Russia_by_population,139,Novomoskovsk,Новомосковск,Tula Oblast,Central,"121,674","131,386"
1653023906-32705,https://en.wikipedia.org/wiki/List_of_cities_and_towns_in_Russia_by_population,140,Kyzyl,Кызыл,Tuva Republic,Siberia,"120,067","109,918"
1653023906-32706,https://en.wikipedia.org/wiki/List_of_cities_and_towns_in_Russia_by_population,141,Pervouralsk,Первоуральск,Sverdlovsk Oblast,Ural,"119,365","124,528"
1653023906-32707,https://en.wikipedia.org/wiki/List_of_cities_and_towns_in_Russia_by_population,142,Novy Urengoy,Новый Уренгой,Yamalo-Nenets Autonomous Okrug,Ural,"118,115","104,107"
1653023906-32708,https://en.wikipedia.org/wiki/List_of_cities_and_towns_in_Russia_by_population,143,Orekhovo-Zuyevo,Орехово-Зуево,Moscow Oblast,Central,"117,966","120,670"
1653023906-32709,https://en.wikipedia.org/wiki/List_of_cities_and_towns_in_Russia_by_population,144,Dolgoprudny,Долгопрудный,Moscow Oblast,Central,"117,778","90,956"
1653023906-32710,https://en.wikipedia.org/wiki/List_of_cities_and_towns_in_Russia_by_population,145,Obninsk,Обнинск,Kaluga Oblast,Central,"116,179","104,739"
1653023906-32711,https://en.wikipedia.org/wiki/List_of_cities_and_towns_in_Russia_by_population,146,Nevinnomyssk,Невинномысск,Stavropol Krai,North Caucasus,"115,627","118,360"
1653023906-32712,https://en.wikipedia.org/wiki/List_of_cities_and_towns_in_Russia_by_population,147,Yessentuki,Ессентуки,Stavropol Krai,North Caucasus,"114,824","100,996"
1653023906-32713,https://en.wikipedia.org/wiki/List_of_cities_and_towns_in_Russia_by_population,148,Oktyabrsky,Октябрьский,Republic of Bashkortostan,Volga,"113,737","109,474"
1653023906-32714,https://en.wikipedia.org/wiki/List_of_cities_and_towns_in_Russia_by_population,149,Dimitrovgrad,Димитровград,Ulyanovsk Oblast,Volga,"112,388","122,580"
1653023906-32715,https://en.wikipedia.org/wiki/List_of_cities_and_towns_in_Russia_by_population,150,Pushkino,Пушкино,Moscow Oblast,Central,"108,741","102,874"
1653023906-32716,https://en.wikipedia.org/wiki/List_of_cities_and_towns_in_Russia_by_population,151,Kamyshin,Камышин,Volgograd Oblast,South,"108,665","119,565"
1653023906-32717,https://en.wikipedia.org/wiki/List_of_cities_and_towns_in_Russia_by_population,152,Noyabrsk,Ноябрьск,Yamalo-Nenets Autonomous Okrug,Ural,"108,376","110,620"
1653023906-32719,https://en.wikipedia.org/wiki/List_of_cities_and_towns_in_Russia_by_population,153,Reutov,Реутов,Moscow Oblast,Central,"108,000","87,314"
1653023906-32720,https://en.wikipedia.org/wiki/List_of_cities_and_towns_in_Russia_by_population,154,Zhukovsky,Жуковский,Moscow Oblast,Central,"107,558","104,736"
1653023906-32721,https://en.wikipedia.org/wiki/List_of_cities_and_towns_in_Russia_by_population,155,Seversk,Северск,Tomsk Oblast,Siberia,"105,858","108,590"
1653023906-32722,https://en.wikipedia.org/wiki/List_of_cities_and_towns_in_Russia_by_population,156,Murom,Муром,Vladimir Oblast,Central,"105,572","116,075"
1653023906-32723,https://en.wikipedia.org/wiki/List_of_cities_and_towns_in_Russia_by_population,157,Novoshakhtinsk,Новошахтинск,Rostov Oblast,South,"105,038","111,075"
1653023906-32724,https://en.wikipedia.org/wiki/List_of_cities_and_towns_in_Russia_by_population,158,Artyom,Артём,Primorsky Krai,Far East,"104,926","102,603"
1653023906-32725,https://en.wikipedia.org/wiki/List_of_cities_and_towns_in_Russia_by_population,159,Achinsk,Ачинск,Krasnoyarsk Krai,Siberia,"104,850","109,155"
1653023906-32726,https://en.wikipedia.org/wiki/List_of_cities_and_towns_in_Russia_by_population,160,Berdsk,Бердск,Novosibirsk Oblast,Siberia,"103,561","97,296"
1653023906-32727,https://en.wikipedia.org/wiki/List_of_cities_and_towns_in_Russia_by_population,161,Elista,Элиста,Republic of Kalmykia,South,"103,535","103,749"
1653023906-32728,https://en.wikipedia.org/wiki/List_of_cities_and_towns_in_Russia_by_population,162,Arzamas,Арзамас,Nizhny Novgorod Oblast,Volga,"103,396","106,362"
1653023906-32729,https://en.wikipedia.org/wiki/List_of_cities_and_towns_in_Russia_by_population,163,Khanty-Mansiysk,Ханты-Мансийск,Khanty-Mansi Autonomous Okrug-Yugra,Ural,"103,117","80,151"
1653023906-32730,https://en.wikipedia.org/wiki/List_of_cities_and_towns_in_Russia_by_population,164,Noginsk,Ногинск,Moscow Oblast,Central,"103,063","100,072"
1653023906-32731,https://en.wikipedia.org/wiki/List_of_cities_and_towns_in_Russia_by_population,165,Yelets,Елец,Lipetsk Oblast,Central,"101,306","108,404"
1653023906-32732,https://en.wikipedia.org/wiki/List_of_cities_and_towns_in_Russia_by_population,166,Zheleznogorsk,Железногорск,Kursk Oblast,Central,"100,554","95,049"
1653023906-32733,https://en.wikipedia.org/wiki/List_of_cities_and_towns_in_Russia_by_population,167,Zelenodolsk,Зеленодольск,Republic of Tatarstan,Volga,"100,009","97,674"
1653023906-32734,https://en.wikipedia.org/wiki/List_of_cities_and_towns_in_Russia_by_population,168,Novokuybyshevsk,Новокуйбышевск,Samara Oblast,Volga,"99,469","108,438"
1653023906-32735,https://en.wikipedia.org/wiki/List_of_cities_and_towns_in_Russia_by_population,169,Sergiyev Posad,Сергиев Посад,Moscow Oblast,Central,"98,784","111,179"
1653023906-32736,https://en.wikipedia.org/wiki/List_of_cities_and_towns_in_Russia_by_population,170,Tobolsk,Тобольск,Tyumen Oblast,Ural,"98,772","99,694"
1653023906-32737,https://en.wikipedia.org/wiki/List_of_cities_and_towns_in_Russia_by_population,171,Votkinsk,Воткинск,Udmurt Republic,Volga,"96,861","99,022"
1653023906-32738,https://en.wikipedia.org/wiki/List_of_cities_and_towns_in_Russia_by_population,172,Sarov,Саров,Nizhny Novgorod Oblast,Volga,"96,479","92,047"
1653023906-32739,https://en.wikipedia.org/wiki/List_of_cities_and_towns_in_Russia_by_population,173,Mezhdurechensk,Междуреченск,Kemerovo Oblast,Siberia,"96,088","101,678"
1653023906-32740,https://en.wikipedia.org/wiki/List_of_cities_and_towns_in_Russia_by_population,174,Mikhaylovsk,Михайловск,Stavropol Krai,North Caucasus,"95,525","70,981"
1653023906-32741,https://en.wikipedia.org/wiki/List_of_cities_and_towns_in_Russia_by_population,175,Serov,Серов,Sverdlovsk Oblast,Ural,"95,141","99,373"
1653023906-32742,https://en.wikipedia.org/wiki/List_of_cities_and_towns_in_Russia_by_population,176,Sarapul,Сарапул,Udmurt Republic,Volga,"94,554","101,381"
1653023906-32743,https://en.wikipedia.org/wiki/List_of_cities_and_towns_in_Russia_by_population,177,Anapa,Анапа,Krasnodar Krai,South,"94,340","58,990"
1653023906-32744,https://en.wikipedia.org/wiki/List_of_cities_and_towns_in_Russia_by_population,178,Leninsk-Kuznetsky,Ленинск-Кузнецкий,Kemerovo Oblast,Siberia,"93,288","101,666"
1653023906-32745,https://en.wikipedia.org/wiki/List_of_cities_and_towns_in_Russia_by_population,179,Ukhta,Ухта,Komi Republic,Northwest,"92,479","99,591"
1653023906-32746,https://en.wikipedia.org/wiki/List_of_cities_and_towns_in_Russia_by_population,180,Voskresensk,Воскресенск,Moscow Oblast,Central,"92,196","91,464"
1653023906-32747,https://en.wikipedia.org/wiki/List_of_cities_and_towns_in_Russia_by_population,181,Solikamsk,Соликамск,Perm Krai,Volga,"91,959","97,384"
1653023906-32748,https://en.wikipedia.org/wiki/List_of_cities_and_towns_in_Russia_by_population,182,Glazov,Глазов,Udmurt Republic,Volga,"91,921","95,854"
1653023906-32749,https://en.wikipedia.org/wiki/List_of_cities_and_towns_in_Russia_by_population,183,Magadan,Магадан,Magadan Oblast,Far East,"91,797","95,982"
1653023906-32750,https://en.wikipedia.org/wiki/List_of_cities_and_towns_in_Russia_by_population,184,Velikiye Luki,Великие Луки,Pskov Oblast,Northwest,"90,485","98,778"
1653023906-32751,https://en.wikipedia.org/wiki/List_of_cities_and_towns_in_Russia_by_population,185,Michurinsk,Мичуринск,Tambov Oblast,Central,"89,876","98,758"
1653023906-32752,https://en.wikipedia.org/wiki/List_of_cities_and_towns_in_Russia_by_population,186,Lobnya,Лобня,Moscow Oblast,Central,"89,522","74,252"
1653023906-32753,https://en.wikipedia.org/wiki/List_of_cities_and_towns_in_Russia_by_population,187,Gatchina,Гатчина,Leningrad Oblast,Northwest,"89,311","92,937"
1653023906-32754,https://en.wikipedia.org/wiki/List_of_cities_and_towns_in_Russia_by_population,188,Kansk,Канск,Krasnoyarsk Krai,Siberia,"88,362","94,226"
1653023906-32755,https://en.wikipedia.org/wiki/List_of_cities_and_towns_in_Russia_by_population,189,Kamensk-Shakhtinsky,Каменск-Шахтинский,Rostov Oblast,South,"87,113","95,296"
1653023906-32756,https://en.wikipedia.org/wiki/List_of_cities_and_towns_in_Russia_by_population,190,Gubkin,Губкин,Belgorod Oblast,Central,"86,073","88,560"
1653023906-32757,https://en.wikipedia.org/wiki/List_of_cities_and_towns_in_Russia_by_population,191,Buzuluk,Бузулук,Orenburg Oblast,Volga,"86,042","82,904"
1653023906-32758,https://en.wikipedia.org/wiki/List_of_cities_and_towns_in_Russia_by_population,192,Kiselyovsk,Киселёвск,Kemerovo Oblast,Siberia,"85,339","98,365"
1653023906-32759,https://en.wikipedia.org/wiki/List_of_cities_and_towns_in_Russia_by_population,193,Yeysk,Ейск,Krasnodar Krai,South,"83,127","87,769"
1653023906-32760,https://en.wikipedia.org/wiki/List_of_cities_and_towns_in_Russia_by_population,194,Ivanteyevka,Ивантеевка,Moscow Oblast,Central,"82,779","58,626"
1653023906-32761,https://en.wikipedia.org/wiki/List_of_cities_and_towns_in_Russia_by_population,195,Novotroitsk,Новотроицк,Orenburg Oblast,Volga,"82,463","98,173"
1653023906-32762,https://en.wikipedia.org/wiki/List_of_cities_and_towns_in_Russia_by_population,196,Chaykovsky,Чайковский,Perm Krai,Volga,"81,855","82,895"
1653023906-32763,https://en.wikipedia.org/wiki/List_of_cities_and_towns_in_Russia_by_population,197,Bugulma,Бугульма,Republic of Tatarstan,Volga,"81,678","89,204"
1653023906-32764,https://en.wikipedia.org/wiki/List_of_cities_and_towns_in_Russia_by_population,198,Zheleznogorsk,Железногорск,Krasnoyarsk Krai,Siberia,"81,619","84,795"
1653023906-32765,https://en.wikipedia.org/wiki/List_of_cities_and_towns_in_Russia_by_population,199,Yurga,Юрга,Kemerovo Oblast,Siberia,"80,367","81,533"
1653023906-32766,https://en.wikipedia.org/wiki/List_of_cities_and_towns_in_Russia_by_population,200,Kineshma,Кинешма,Ivanovo Oblast,Central,"79,936","88,164"
1653023906-32767,https://en.wikipedia.org/wiki/List_of_cities_and_towns_in_Russia_by_population,201,Azov,Азов,Rostov Oblast,South,"79,857","82,937"
1653023906-32768,https://en.wikipedia.org/wiki/List_of_cities_and_towns_in_Russia_by_population,202,Kuznetsk,Кузнецк,Penza Oblast,Volga,"79,800","88,839"
1653023906-32769,https://en.wikipedia.org/wiki/List_of_cities_and_towns_in_Russia_by_population,203,Ust-Ilimsk,Усть-Илимск,Irkutsk Oblast,Siberia,"79,746","86,610"
1653023906-32770,https://en.wikipedia.org/wiki/List_of_cities_and_towns_in_Russia_by_population,204,Novouralsk,Новоуральск,Sverdlovsk Oblast,Ural,"79,638","85,522"
1653023906-32771,https://en.wikipedia.org/wiki/List_of_cities_and_towns_in_Russia_by_population,205,Klin,Клин,Moscow Oblast,Central,"79,635","80,585"
1653023906-32772,https://en.wikipedia.org/wiki/List_of_cities_and_towns_in_Russia_by_population,206,Vidnoye,Видное,Moscow Oblast,Central,"78,635","56,752"
1653023906-32773,https://en.wikipedia.org/wiki/List_of_cities_and_towns_in_Russia_by_population,207,Murino,Мурино,Leningrad Oblast,Northwest,"78,184","7,949"
1653023906-32775,https://en.wikipedia.org/wiki/List_of_cities_and_towns_in_Russia_by_population,208,Ozyorsk,Озёрск,Chelyabinsk Oblast,Ural,"78,128","82,164"
1653023906-32776,https://en.wikipedia.org/wiki/List_of_cities_and_towns_in_Russia_by_population,209,Kropotkin,Кропоткин,Krasnodar Krai,South,"77,074","80,765"
1653023906-32777,https://en.wikipedia.org/wiki/List_of_cities_and_towns_in_Russia_by_population,210,Bor,Бор,Nizhny Novgorod Oblast,Volga,"76,732","78,058"
1653023906-32778,https://en.wikipedia.org/wiki/List_of_cities_and_towns_in_Russia_by_population,211,Vsevolozhsk,Всеволожск,Leningrad Oblast,Northwest,"75,660","59,704"
1653023906-32779,https://en.wikipedia.org/wiki/List_of_cities_and_towns_in_Russia_by_population,212,Gelendzhik,Геленджик,Krasnodar Krai,South,"75,504","54,980"
1653023906-32780,https://en.wikipedia.org/wiki/List_of_cities_and_towns_in_Russia_by_population,213,Chernogorsk,Черногорск,Republic of Khakassia,Siberia,"75,348","72,147"
1653023906-32781,https://en.wikipedia.org/wiki/List_of_cities_and_towns_in_Russia_by_population,214,Usolye-Sibirskoye,Усолье-Сибирское,Irkutsk Oblast,Siberia,"75,062","83,327"
1653023906-32782,https://en.wikipedia.org/wiki/List_of_cities_and_towns_in_Russia_by_population,215,Balashov,Балашов,Saratov Oblast,Volga,"74,981","82,227"
1653023906-32783,https://en.wikipedia.org/wiki/List_of_cities_and_towns_in_Russia_by_population,216,Novoaltaysk,Новоалтайск,Altai Krai,Siberia,"74,586","70,437"
1653023906-32784,https://en.wikipedia.org/wiki/List_of_cities_and_towns_in_Russia_by_population,217,Dubna,Дубна,Moscow Oblast,Central,"74,499","70,663"
1653023906-32785,https://en.wikipedia.org/wiki/List_of_cities_and_towns_in_Russia_by_population,218,Shadrinsk,Шадринск,Kurgan Oblast,Ural,"74,400","77,756"
1653023906-32786,https://en.wikipedia.org/wiki/List_of_cities_and_towns_in_Russia_by_population,219,Verkhnyaya Pyshma,Верхняя Пышма,Sverdlovsk Oblast,Ural,"74,262","59,749"
1653023906-32787,https://en.wikipedia.org/wiki/List_of_cities_and_towns_in_Russia_by_population,220,Vyborg,Выборг,Leningrad Oblast,Northwest,"74,054","79,962"
1653023906-32788,https://en.wikipedia.org/wiki/List_of_cities_and_towns_in_Russia_by_population,221,Yelabuga,Елабуга,Republic of Tatarstan,Volga,"73,866","70,728"
1653023906-32789,https://en.wikipedia.org/wiki/List_of_cities_and_towns_in_Russia_by_population,222,Mineralnye Vody,Минеральные Воды,Stavropol Krai,North Caucasus,"73,183","76,728"
1653023906-32790,https://en.wikipedia.org/wiki/List_of_cities_and_towns_in_Russia_by_population,223,Yegoryevsk,Егорьевск,Moscow Oblast,Central,"73,046","70,081"
1653023906-32791,https://en.wikipedia.org/wiki/List_of_cities_and_towns_in_Russia_by_population,224,Troitsk,Троицк,Chelyabinsk Oblast,Ural,"72,723","78,372"
1653023906-32792,https://en.wikipedia.org/wiki/List_of_cities_and_towns_in_Russia_by_population,225,Chekhov,Чехов,Moscow Oblast,Central,"71,077","60,720"
1653023906-32793,https://en.wikipedia.org/wiki/List_of_cities_and_towns_in_Russia_by_population,226,Chapayevsk,Чапаевск,Samara Oblast,Volga,"70,944","72,692"
1653023906-32794,https://en.wikipedia.org/wiki/List_of_cities_and_towns_in_Russia_by_population,227,Belovo,Белово,Kemerovo Oblast,Siberia,"70,611","76,764"
1653023906-32795,https://en.wikipedia.org/wiki/List_of_cities_and_towns_in_Russia_by_population,228,Birobidzhan,Биробиджан,Jewish Autonomous Oblast,Far East,"70,433","75,413"
1653023906-32796,https://en.wikipedia.org/wiki/List_of_cities_and_towns_in_Russia_by_population,229,Kogalym,Когалым,Khanty-Mansi Autonomous Okrug-Yugra,Ural,"68,700","58,181"
1653023906-32797,https://en.wikipedia.org/wiki/List_of_cities_and_towns_in_Russia_by_population,230,Kirovo-Chepetsk,Кирово-Чепецк,Kirov Oblast,Volga,"68,588","80,921"
1653023906-32798,https://en.wikipedia.org/wiki/List_of_cities_and_towns_in_Russia_by_population,231,Dmitrov,Дмитров,Moscow Oblast,Central,"68,397","61,305"
1653023906-32799,https://en.wikipedia.org/wiki/List_of_cities_and_towns_in_Russia_by_population,232,Tuymazy,Туймазы,Republic of Bashkortostan,Volga,"68,108","66,836"
1653023906-32800,https://en.wikipedia.org/wiki/List_of_cities_and_towns_in_Russia_by_population,233,Slavyansk-na-Kubani,Славянск-на-Кубани,Krasnodar Krai,South,"67,777","63,842"
1653023906-32802,https://en.wikipedia.org/wiki/List_of_cities_and_towns_in_Russia_by_population,234,Minusinsk,Минусинск,Krasnoyarsk Krai,Siberia,"67,234","71,170"
1653023906-32803,https://en.wikipedia.org/wiki/List_of_cities_and_towns_in_Russia_by_population,235,Sosnovy Bor,Сосновый Бор,Leningrad Oblast,Northwest,"67,054","65,788"
1653023906-32804,https://en.wikipedia.org/wiki/List_of_cities_and_towns_in_Russia_by_population,236,Naro-Fominsk,Наро-Фоминск,Moscow Oblast,Central,"67,009","64,665"
1653023906-32805,https://en.wikipedia.org/wiki/List_of_cities_and_towns_in_Russia_by_population,237,Anzhero-Sudzhensk,Анжеро-Судженск,Kemerovo Oblast,Siberia,"66,933","76,646"
1653023906-32806,https://en.wikipedia.org/wiki/List_of_cities_and_towns_in_Russia_by_population,238,Kstovo,Кстово,Nizhny Novgorod Oblast,Volga,"66,928","66,657"
1653023906-32807,https://en.wikipedia.org/wiki/List_of_cities_and_towns_in_Russia_by_population,239,Sunzha,Сунжа,Republic of Ingushetia,North Caucasus,"66,807","61,598"
1653023906-32808,https://en.wikipedia.org/wiki/List_of_cities_and_towns_in_Russia_by_population,240,Buynaksk,Буйнакск,Republic of Dagestan,North Caucasus,"66,422","62,623"
1653023906-32809,https://en.wikipedia.org/wiki/List_of_cities_and_towns_in_Russia_by_population,241,Stupino,Ступино,Moscow Oblast,Central,"65,660","66,816"
1653023906-32810,https://en.wikipedia.org/wiki/List_of_cities_and_towns_in_Russia_by_population,242,Georgiyevsk,Георгиевск,Stavropol Krai,North Caucasus,"65,633","72,153"
1653023906-32811,https://en.wikipedia.org/wiki/List_of_cities_and_towns_in_Russia_by_population,243,Zarechny,Заречный,Penza Oblast,Volga,"65,493","63,601"
1653023906-32812,https://en.wikipedia.org/wiki/List_of_cities_and_towns_in_Russia_by_population,244,Gorno-Altaysk,Горно-Алтайск,Altai Republic,Siberia,"64,504","56,933"
1653023906-32813,https://en.wikipedia.org/wiki/List_of_cities_and_towns_in_Russia_by_population,245,Belogorsk,Белогорск,Amur Oblast,Far East,"64,502","68,249"
1653023906-32814,https://en.wikipedia.org/wiki/List_of_cities_and_towns_in_Russia_by_population,246,Beloretsk,Белорецк,Republic of Bashkortostan,Volga,"64,479","68,806"
1653023906-32815,https://en.wikipedia.org/wiki/List_of_cities_and_towns_in_Russia_by_population,247,Kungur,Кунгур,Perm Krai,Volga,"64,259","66,074"
1653023906-32816,https://en.wikipedia.org/wiki/List_of_cities_and_towns_in_Russia_by_population,248,Ishim,Ишим,Tyumen Oblast,Ural,"64,010","65,243"
1653023906-32817,https://en.wikipedia.org/wiki/List_of_cities_and_towns_in_Russia_by_population,249,Urus-Martan,Урус-Мартан,Chechen Republic,North Caucasus,"63,955","49,070"
1653023906-32818,https://en.wikipedia.org/wiki/List_of_cities_and_towns_in_Russia_by_population,250,Ishimbay,Ишимбай,Republic of Bashkortostan,Volga,"63,849","66,259"
1653023906-32819,https://en.wikipedia.org/wiki/List_of_cities_and_towns_in_Russia_by_population,251,Pavlovsky Posad,Павловский Посад,Moscow Oblast,Central,"62,718","63,711"
1653023906-32820,https://en.wikipedia.org/wiki/List_of_cities_and_towns_in_Russia_by_population,252,Klintsy,Клинцы,Bryansk Oblast,Central,"62,704","62,510"
1653023906-32821,https://en.wikipedia.org/wiki/List_of_cities_and_towns_in_Russia_by_population,253,Gukovo,Гуково,Rostov Oblast,South,"62,658","67,278"
1653023906-32822,https://en.wikipedia.org/wiki/List_of_cities_and_towns_in_Russia_by_population,254,Rossosh,Россошь,Voronezh Oblast,Central,"62,290","62,865"
1653023906-32823,https://en.wikipedia.org/wiki/List_of_cities_and_towns_in_Russia_by_population,255,Asbest,Асбест,Sverdlovsk Oblast,Ural,"62,285","68,893"
1653023906-32824,https://en.wikipedia.org/wiki/List_of_cities_and_towns_in_Russia_by_population,256,Kotlas,Котлас,Arkhangelsk Oblast,Northwest,"62,284","60,562"
1653023906-32825,https://en.wikipedia.org/wiki/List_of_cities_and_towns_in_Russia_by_population,257,Zelenogorsk,Зеленогорск,Krasnoyarsk Krai,Siberia,"61,821","66,056"
1653023906-32826,https://en.wikipedia.org/wiki/List_of_cities_and_towns_in_Russia_by_population,258,Donskoy,Донской,Tula Oblast,Central,"61,477","64,552"
1653023906-32827,https://en.wikipedia.org/wiki/List_of_cities_and_towns_in_Russia_by_population,259,Leninogorsk,Лениногорск,Republic of Tatarstan,Volga,"61,321","64,127"
1653023906-32828,https://en.wikipedia.org/wiki/List_of_cities_and_towns_in_Russia_by_population,260,Izberbash,Избербаш,Republic of Dagestan,North Caucasus,"61,296","55,646"
1653023906-32829,https://en.wikipedia.org/wiki/List_of_cities_and_towns_in_Russia_by_population,261,Tuapse,Туапсе,Krasnodar Krai,South,"60,987","63,292"
1653023906-32830,https://en.wikipedia.org/wiki/List_of_cities_and_towns_in_Russia_by_population,262,Volsk,Вольск,Saratov Oblast,Volga,"60,948","66,508"
1653023906-32831,https://en.wikipedia.org/wiki/List_of_cities_and_towns_in_Russia_by_population,263,Revda,Ревда,Sverdlovsk Oblast,Ural,"60,761","61,875"
1653023906-32832,https://en.wikipedia.org/wiki/List_of_cities_and_towns_in_Russia_by_population,264,Budyonnovsk,Будённовск,Stavropol Krai,North Caucasus,"60,504","64,624"
1653023906-32833,https://en.wikipedia.org/wiki/List_of_cities_and_towns_in_Russia_by_population,265,Beryozovsky,Берёзовский,Sverdlovsk Oblast,Ural,"60,334","51,651"
1653023906-32834,https://en.wikipedia.org/wiki/List_of_cities_and_towns_in_Russia_by_population,266,Sibay,Сибай,Republic of Bashkortostan,Volga,"60,017","62,763"
1653023906-32835,https://en.wikipedia.org/wiki/List_of_cities_and_towns_in_Russia_by_population,267,Polevskoy,Полевской,Sverdlovsk Oblast,Ural,"60,012","64,220"
1653023906-32836,https://en.wikipedia.org/wiki/List_of_cities_and_towns_in_Russia_by_population,268,Lytkarino,Лыткарино,Moscow Oblast,Central,"59,937","55,237"
1653023906-32837,https://en.wikipedia.org/wiki/List_of_cities_and_towns_in_Russia_by_population,269,Lysva,Лысьва,Perm Krai,Volga,"59,610","65,918"
1653023906-32838,https://en.wikipedia.org/wiki/List_of_cities_and_towns_in_Russia_by_population,270,Kumertau,Кумертау,Republic of Bashkortostan,Volga,"59,129","62,851"
1653023906-32839,https://en.wikipedia.org/wiki/List_of_cities_and_towns_in_Russia_by_population,271,Belebey,Белебей,Republic of Bashkortostan,Volga,"59,093","60,188"
1653023906-32840,https://en.wikipedia.org/wiki/List_of_cities_and_towns_in_Russia_by_population,272,Neryungri,Нерюнгри,Sakha (Yakutia) Republic,Far East,"58,969","61,747"
1653023906-32841,https://en.wikipedia.org/wiki/List_of_cities_and_towns_in_Russia_by_population,273,Lesosibirsk,Лесосибирск,Krasnoyarsk Krai,Siberia,"58,949","61,139"
1653023906-32842,https://en.wikipedia.org/wiki/List_of_cities_and_towns_in_Russia_by_population,274,Fryazino,Фрязино,Moscow Oblast,Central,"58,938","55,369"
1653023906-32843,https://en.wikipedia.org/wiki/List_of_cities_and_towns_in_Russia_by_population,275,Sertolovo,Сертолово,Leningrad Oblast,Northwest,"58,802","47,457"
1653023906-32844,https://en.wikipedia.org/wiki/List_of_cities_and_towns_in_Russia_by_population,276,Chistopol,Чистополь,Republic of Tatarstan,Volga,"58,771","60,755"
1653023906-32845,https://en.wikipedia.org/wiki/List_of_cities_and_towns_in_Russia_by_population,277,Prokhladny,Прохладный,Kabardino-Balkar Republic,North Caucasus,"58,747","59,601"
1653023906-32846,https://en.wikipedia.org/wiki/List_of_cities_and_towns_in_Russia_by_population,278,Borisoglebsk,Борисоглебск,Voronezh Oblast,Central,"58,742","65,585"
1653023906-32847,https://en.wikipedia.org/wiki/List_of_cities_and_towns_in_Russia_by_population,279,Nyagan,Нягань,Khanty-Mansi Autonomous Okrug-Yugra,Ural,"58,733","54,890"
1653023906-32848,https://en.wikipedia.org/wiki/List_of_cities_and_towns_in_Russia_by_population,280,Labinsk,Лабинск,Krasnodar Krai,South,"58,498","62,864"
1653023906-32849,https://en.wikipedia.org/wiki/List_of_cities_and_towns_in_Russia_by_population,281,Krymsk,Крымск,Krasnodar Krai,South,"58,051","57,382"
1653023906-32850,https://en.wikipedia.org/wiki/List_of_cities_and_towns_in_Russia_by_population,282,Tikhvin,Тихвин,Leningrad Oblast,Northwest,"57,327","58,459"
1653023906-32851,https://en.wikipedia.org/wiki/List_of_cities_and_towns_in_Russia_by_population,283,Gudermes,Гудермес,Chechen Republic,North Caucasus,"57,179","45,631"
1653023906-32852,https://en.wikipedia.org/wiki/List_of_cities_and_towns_in_Russia_by_population,284,Aleksin,Алексин,Tula Oblast,Central,"57,102","61,732"
1653023906-32853,https://en.wikipedia.org/wiki/List_of_cities_and_towns_in_Russia_by_population,285,Alexandrov,Александров,Vladimir Oblast,Central,"57,073","61,551"
1653023906-32854,https://en.wikipedia.org/wiki/List_of_cities_and_towns_in_Russia_by_population,286,Mikhaylovka,Михайловка,Volgograd Oblast,South,"56,981","59,132"
1653023906-32855,https://en.wikipedia.org/wiki/List_of_cities_and_towns_in_Russia_by_population,287,Rzhev,Ржев,Tver Oblast,Central,"56,399","61,982"
1653023906-32856,https://en.wikipedia.org/wiki/List_of_cities_and_towns_in_Russia_by_population,288,Shchyokino,Щёкино,Tula Oblast,Central,"56,263","58,139"
1653023906-32857,https://en.wikipedia.org/wiki/List_of_cities_and_towns_in_Russia_by_population,289,Tikhoretsk,Тихорецк,Krasnodar Krai,South,"56,262","61,823"
1653023906-32858,https://en.wikipedia.org/wiki/List_of_cities_and_towns_in_Russia_by_population,290,Salsk,Сальск,Rostov Oblast,South,"56,247","61,316"
1653023906-32859,https://en.wikipedia.org/wiki/List_of_cities_and_towns_in_Russia_by_population,291,Shali,Шали,Chechen Republic,North Caucasus,"56,226","47,708"
1653023906-32860,https://en.wikipedia.org/wiki/List_of_cities_and_towns_in_Russia_by_population,292,Pavlovo,Павлово,Nizhny Novgorod Oblast,Volga,"56,129","60,698"
1653023906-32861,https://en.wikipedia.org/wiki/List_of_cities_and_towns_in_Russia_by_population,293,Shuya,Шуя,Ivanovo Oblast,Central,"56,041","58,486"
1653023906-32862,https://en.wikipedia.org/wiki/List_of_cities_and_towns_in_Russia_by_population,294,Meleuz,Мелеуз,Republic of Bashkortostan,Volga,"56,036","61,390"
1653023906-32863,https://en.wikipedia.org/wiki/List_of_cities_and_towns_in_Russia_by_population,295,Krasnoturyinsk,Краснотурьинск,Sverdlovsk Oblast,Ural,"55,910","59,633"
1653023906-32864,https://en.wikipedia.org/wiki/List_of_cities_and_towns_in_Russia_by_population,296,Iskitim,Искитим,Novosibirsk Oblast,Siberia,"55,433","60,078"
1653023906-32865,https://en.wikipedia.org/wiki/List_of_cities_and_towns_in_Russia_by_population,297,Severomorsk,Североморск,Murmansk Oblast,Northwest,"54,473","50,060"
1653023906-32866,https://en.wikipedia.org/wiki/List_of_cities_and_towns_in_Russia_by_population,298,Apatity,Апатиты,Murmansk Oblast,Northwest,"53,847","59,672"
1653023906-32867,https://en.wikipedia.org/wiki/List_of_cities_and_towns_in_Russia_by_population,299,Svobodny,Свободный,Amur Oblast,Far East,"52,918","58,778"
1653023906-32868,https://en.wikipedia.org/wiki/List_of_cities_and_towns_in_Russia_by_population,300,Vyksa,Выкса,Nizhny Novgorod Oblast,Volga,"52,892","56,201"
1653023906-32869,https://en.wikipedia.org/wiki/List_of_cities_and_towns_in_Russia_by_population,301,Liski,Лиски,Voronezh Oblast,Central,"52,823","55,864"
1653023906-32870,https://en.wikipedia.org/wiki/List_of_cities_and_towns_in_Russia_by_population,302,Dzerzhinsky,Дзержинский,Moscow Oblast,Central,"52,797","47,163"
1653023906-32871,https://en.wikipedia.org/wiki/List_of_cities_and_towns_in_Russia_by_population,303,Volzhsk,Волжск,Mari El Republic,Volga,"52,703","55,659"
1653023906-32872,https://en.wikipedia.org/wiki/List_of_cities_and_towns_in_Russia_by_population,304,Vyazma,Вязьма,Smolensk Oblast,Central,"52,434","57,101"
1653023906-32873,https://en.wikipedia.org/wiki/List_of_cities_and_towns_in_Russia_by_population,305,Vorkuta,Воркута,Komi Republic,Northwest,"52,292","70,548"
1653023906-32874,https://en.wikipedia.org/wiki/List_of_cities_and_towns_in_Russia_by_population,306,Gus-Khrustalny,Гусь-Хрустальный,Vladimir Oblast,Central,"51,998","60,784"
1653023906-32875,https://en.wikipedia.org/wiki/List_of_cities_and_towns_in_Russia_by_population,307,Snezhinsk,Снежинск,Chelyabinsk Oblast,Ural,"51,921","48,810"
1653023906-32876,https://en.wikipedia.org/wiki/List_of_cities_and_towns_in_Russia_by_population,308,Krasnokamsk,Краснокамск,Perm Krai,Volga,"51,815","51,916"
1653023906-32877,https://en.wikipedia.org/wiki/List_of_cities_and_towns_in_Russia_by_population,309,Arsenyev,Арсеньев,Primorsky Krai,Far East,"52,723","56,750"
1653023906-32878,https://en.wikipedia.org/wiki/List_of_cities_and_towns_in_Russia_by_population,310,Krasnokamensk,Краснокаменск,Zabaykalsky Krai,Far East,"51,451","55,666"
1653023906-32879,https://en.wikipedia.org/wiki/List_of_cities_and_towns_in_Russia_by_population,311,Belorechensk,Белореченск,Krasnodar Krai,South,"51,405","53,892"
1653023906-32880,https://en.wikipedia.org/wiki/List_of_cities_and_towns_in_Russia_by_population,312,Salekhard,Салехард,Yamalo-Nenets Autonomous Okrug,Ural,"51,186","42,544"
1653023906-32881,https://en.wikipedia.org/wiki/List_of_cities_and_towns_in_Russia_by_population,313,Zhigulyovsk,Жигулёвск,Samara Oblast,Volga,"50,782","55,565"
1653023906-32882,https://en.wikipedia.org/wiki/List_of_cities_and_towns_in_Russia_by_population,314,Kotelniki,Котельники,Moscow Oblast,Central,"50,723","32,338"
1653023906-32883,https://en.wikipedia.org/wiki/List_of_cities_and_towns_in_Russia_by_population,315,Timashyovsk,Тимашёвск,Krasnodar Krai,South,"50,566","53,924"
1653023906-32884,https://en.wikipedia.org/wiki/List_of_cities_and_towns_in_Russia_by_population,316,Kirishi,Кириши,Leningrad Oblast,Northwest,"50,079","52,309"
1653023906-32678,https://en.wikipedia.org/wiki/List_of_cities_and_towns_in_Russia_by_population,—,Kerch,Керчь,Republic of Crimea [a],South,"151,996","157,007"
1653023906-32774,https://en.wikipedia.org/wiki/List_of_cities_and_towns_in_Russia_by_population,—,Yalta,Ялта,Republic of Crimea [a],South,"78,171","81,654"
1653023906-32801,https://en.wikipedia.org/wiki/List_of_cities_and_towns_in_Russia_by_population,—,Feodosia,Феодосия,Republic of Crimea [a],South,"67,750","74,669"
1653023906-32619,https://en.wikipedia.org/wiki/List_of_cities_and_towns_in_Russia_by_population,—,Simferopol,Симферопoль,Republic of Crimea [a],South,"336,212","343,644"
1653023906-32718,https://en.wikipedia.org/wiki/List_of_cities_and_towns_in_Russia_by_population,—,Yevpatoria,Евпатория,Republic of Crimea [a],South,"108,149","105,915"
1653023906-32604,https://en.wikipedia.org/wiki/List_of_cities_and_towns_in_Russia_by_population,—,Sevastopol,Севастополь,Sevastopol (federal city) [a],South,"464,349","342,451"
